姓名,2025.12.17,2025.12.24,2025.12.31,2026.01.07,2026.01.14,2026.01.21,2026.01.28,2026.02.04,2026.02.11,2026.02.25,2026.03.04,2026.03.12,2026.03.18,2026.03.25,2026.04.08,2026.04.12,2026.04.15,2026.04.22,2026.04.29,2026.05.06,2026.05.13,2026.05.20,2026.05.27,2026.06.03,2026.06.10,2026.06.17,2026.06.24,2026.07.15,2026.07.22,2026.07.29,2026.08.05,2026.08.12,2026.08.19,2026.08.26,2026.09.02,2026.09.09,2026.09.16
Mooos,1,1,3,1,2,4,1,-1,-1,-1,2,3,2,2,2-YADP (Yet Another Dumb PIG!),-1,2-YADP (Yet Another Dumb PIG!),3-YADP (Yet Another Dumb PIG!),4-Q_ *twpac0KACGZi+b1N9m0WsFYj9Ty...8!nDZ:.c7bHKaJI,1,1-OOOOOOOOOO,1-OOOOOOOOOO,3-OOOOOOOOOO,2-uwu,1-uwu,2-uwu,2-uwu,-1,-1,27,-1,-1,3-uwu,1-uwu,-1,-1,1-uwu
stars569,2,5,8,9,4,5,3,4,4,2,3,6,11,9,-1,-1,-1,-1,2,2,-1,2,5,3,3,-1,-1,-1,-1,-1,1,2,1,-1,1,1,2
qwsxza,2,3,2,12,1,2,-1,-1,-1,-1,-1,1,-1,-1,-1,-1,-1,-1,-1,-1,-1,-1,-1,-1,-1,-1,-1,-1,-1,-1,-1,-1,-1,6-2铜1铁多可笑,-1,-1,-1
Jian132363,4,2,-1,6,5,12,-1,-1,5,3,4,4,4,7,3-Bloom Into You,1-Bloom Into You,3-Bloom Into You,-1,3,-1,6,3,6,4,4,3,3,2,1,5,6,1,4,2,4,2,3
Hanoko1314,5,-1,-1,-1,-1,-1,-1,-1,-1,-1,-1,-1,-1,-1,-1,-1,5,-1,-1,-1,-1,-1,-1,-1,-1,-1,-1,-1,-1,-1,-1,-1,-1,-1,-1,9,-1
popomao,6,11,-1,-1,-1,-1,-1,-1,-1,-1,-1,-1,-1,-1,-1,-1,-1,-1,-1,-1,-1,-1,-1,-1,-1,-1,-1,-1,-1,-1,-1,-1,-1,-1,-1,-1,-1,-1
yrjzs,7,4,-1,7,17,8,-1,-1,6,-1,14,8,3,1,3-Bloom Into You,1-Bloom Into You,3-Bloom Into You,1-Bloom Into You,5-佬佬菜菜带带,3-佬佬菜菜带带,3-佬佬菜菜带带,4-佬佬菜菜带带,8-佬佬菜菜带带,5-佬佬菜菜带带,-1,6-佬佬菜菜带带,4-佬佬菜菜带带,-1,3-佬佬菜菜带带,3-佬佬菜菜带带,-1,3-佬佬菜菜带带,6-佬佬菜菜带带,-1,-1,3-佬佬菜菜带带,5-佬佬菜菜带带
YuanYuXing,8,9,6,13,11,14,-1,13,-1,-1,-1,16,-1,17,-1,-1,-1,-1,-1,-1,-1,-1,-1,-1,-1,-1,-1,-1,-1,-1,-1,-1,-1,-1,-1,-1,-1
kong_mda,9,-1,-1,-1,-1,-1,-1,-1,-1,-1,-1,-1,-1,-1,-1,-1,-1,-1,-1,-1,-1,-1,-1,-1,-1,-1,-1,-1,-1,-1,-1,-1,-1,-1,-1,-1,-1
miaodaojiale,10,6,-1,11,-1,13,-1,5,-1,-1,-1,18,8,20,6-wwwww,3-按住w开始思索,7-按住w开始思索,5-按住w开始思索,9,4,2,8,10,6,7,7,8,-1,5,14,9,13,-1,4,6,7,8
wanglinqi,11,12,4,10,16,15,-1,10,7,-1,15,12,7,7,7-马头神了,2-马头神了,8-马头神了,6-马头神了,6,5,5,6,11,10,5,13,5,4,16,1,7,12,7,-1,8,6,7
xiancong,12,-1,-1,-1,12,-1,-1,-1,-1,-1,12,11,10,3,7-马头神了,2-马头神了,8-马头神了,6-马头神了,-1,7,7,10,-1,8,-1,8,-1,-1,2,9,-1,7,-1,-1,-1,-1,6
huo_fox,13,18,-1,15,-1,-1,-1,-1,-1,-1,19,9,5,6-wwwww,3-按住w开始思索,7-按住w开始思索,5-按住w开始思索,7,9,9,7,-1,-1,-1,10,6,-1,4,4,2,6,-1,5,-1,5,9
Chethday,14,-1,-1,-1,-1,-1,-1,-1,-1,-1,-1,-1,-1,-1,-1,-1,-1,-1,-1,-1,-1,-1,-1,-1,-1,-1,-1,-1,-1,-1,-1,-1,-1,-1,-1,-1,-1,-1
htht69,15,20,9,-1,18,19,-1,14,11,4,10,17,16,16,-1,-1,-1,-1,-1,-1,-1,-1,-1,-1,-1,-1,-1,-1,-1,-1,-1,-1,-1,-1,-1,-1,-1
fangxiaoxv,16,-1,7,14,9,16,5,9,-1,7,-1,23,13,11,-1,-1,-1,-1,-1,-1,-1,-1,-1,-1,-1,-1,-1,-1,-1,-1,-1,-1,-1,-1,-1,-1,-1
Tristan0816,17,13,-1,-1,19,20,-1,-1,-1,-1,-1,-1,-1,-1,-1,-1,-1,-1,-1,-1,-1,-1,-1,-1,-1,-1,-1,-1,-1,-1,-1,-1,-1,-1,-1,-1,-1
ast2333,18,-1,-1,-1,-1,-1,-1,-1,-1,-1,-1,-1,-1,-1,-1,-1,-1,-1,-1,-1,-1,-1,-1,-1,-1,-1,-1,-1,-1,-1,-1,-1,-1,-1,-1,-1,-1
syttt,19,16,-1,-1,-1,-1,-1,-1,-1,-1,-1,-1,-1,-1,-1,-1,-1,-1,-1,-1,-1,-1,-1,-1,-1,-1,-1,-1,-1,-1,-1,-1,-1,-1,-1,-1,-1
verselet,21,8,5,16,10,18,-1,15,-1,-1,-1,-1,22,19,-1,-1,-1,-1,-1,-1,-1,-1,-1,-1,-1,-1,-1,-1,-1,-1,-1,-1,-1,-1,-1,-1,-1
Young816,22,-1,-1,-1,21,23,-1,16,-1,8,11,20,19,-1,8-编译器说我队,4-编译器说我队,9-编译器说我队,7-编译器说我队,13,-1,-1,-1,-1,-1,-1,11,-1,-1,9,7,3,5,10,-1,-1,-1,-1
Meursaul,23,-1,-1,-1,-1,-1,-1,-1,-1,-1,-1,-1,-1,-1,-1,-1,-1,-1,-1,-1,-1,-1,-1,-1,-1,-1,-1,-1,-1,-1,-1,-1,-1,-1,-1
SA_BER,24,17,-1,-1,14,21,-1,-1,-1,-1,13,25,12,13,-1,-1,-1,8-SA_BER,12,-1,-1,-1,-1,-1,-1,-1,-1,-1,-1,-1,-1,-1,-1,-1,-1,-1,-1
LaoJeiBiez,25,21,-1,18,15,-1,-1,12,-1,-1,-1,21,17,18,8-编译器说我队,4-编译器说我队,9-编译器说我队,7-编译器说我队,-1,-1,10,-1,-1,-1,-1,14,-1,-1,17,12,12,15,11,-1,-1,-1,-1
pomeloxu,26,14,-1,17,8,17,-1,8,-1,-1,9,13,14,15,7-马头神了,2-马头神了,8-马头神了,6-马头神了,8,8,8,9,12,9,8,12,7,3,15,6,8,14,8,-1,7,-1,11
hardfighter,27,-1,-1,-1,22,-1,-1,-1,-1,-1,-1,22,21,-1,-1,-1,-1,-1,-1,-1,-1,-1,-1,-1,15,-1,-1,19,21,10,17,13,-1,-1,-1,-1
1MeiYuan.,28,-1,-1,-1,-1,-1,-1,-1,-1,-1,-1,-1,-1,-1,-1,-1,-1,-1,-1,-1,-1,-1,-1,-1,-1,-1,-1,-1,-1,-1,-1,-1,-1,-1,-1,-1
currry,29,-1,-1,-1,-1,-1,-1,-1,-1,-1,-1,-1,-1,-1,-1,-1,-1,-1,-1,-1,-1,-1,-1,-1,-1,-1,-1,-1,-1,-1,-1,-1,-1,-1,-1,-1,-1
Lv001,30,-1,-1,-1,-1,-1,-1,-1,-1,-1,-1,-1,-1,-1,-1,-1,-1,-1,-1,-1,-1,-1,-1,-1,-1,-1,-1,-1,-1,-1,-1,-1,-1,-1,-1,-1,-1
Xyl1206,31,7,-1,4,0,11,-1,7,8,6,-1,27,15,9,6-wwwww,3-按住w开始思索,7-按住w开始思索,5-按住w开始思索,10,6,4,-1,7,11,-1,16,-1,-1,12,2,4,4,2,-1,-1,-1,4
FXY_AC,0,10,1,2,3,7,0,-1,-1,-1,6,7,20,-1,5-OMG，also a PIG,-1,4-back to shame!,4-back to shame!,-1,-1,-1,-1,-1,-1,-1,-1,-1,-1,6,-1,-1,-1,-1,-1,3,-1,-1
SerendipityZzz,0,15,-1,-1,-1,-1,-1,-1,-1,-1,-1,-1,-1,-1,-1,-1,-1,-1,-1,-1,-1,-1,-1,-1,-1,-1,-1,-1,-1,-1,-1,-1,-1,-1,-1,-1,-1
Hanzzh,20,19,-1,19,20,22,-1,-1,12,9,-1,24,18,21,8-编译器说我队,4-编译器说我队,9-编译器说我队,7-编译器说我队,-1,-1,-1,-1,-1,-1,-1,-1,-1,-1,-1,-1,-1,-1,-1,-1,-1,-1,-1
Silas_Li,0,0,0,3,13,10,-1,-1,-1,-1,-1,15,22,12,4-SOF,-1,6-hard copper,-1,-1,-1,-1,-1,-1,7,-1,-1,-1,-1,-1,-1,-1,-1,-1,-1,-1,-1,-1
Infinte_L,0,0,0,5,7,3,2,2,-1,-1,5,-1,-1,-1,4-SOF,-1,6-hard copper,-1,-1,-1,-1,-1,-1,-1,-1,-1,-1,-1,-1,-1,-1,-1,-1,-1,-1,-1,-1
noir123,0,0,0,8,-1,-1,-1,-1,-1,-1,-1,-1,-1,-1,4-SOF,-1,-1,-1,-1,-1,-1,-1,-1,-1,-1,-1,-1,-1,-1,-1,-1,-1,-1,-1,-1,-1,-1
crs_Illusion,0,0,0,0,6,1,-1,-1,-1,-1,-1,9,-1,-1,2-YADP (Yet Another Dumb PIG!),-1,2-YADP (Yet Another Dumb PIG!),-1,-1,-1,-1,-1,-1,-1,-1,-1,-1,-1,-1,-1,-1,-1,-1,-1,-1,-1,-1
Bigarade,0,0,0,0,0,6,-1,3,2,-1,-1,5,5,6,2-YADP (Yet Another Dumb PIG!),-1,2-YADP (Yet Another Dumb PIG!),3-YADP (Yet Another Dumb PIG!),-1,-1,-1,-1,-1,-1,-1,-1,-1,-1,-1,-1,-1,-1,-1,-1,-1,-1,-1
CyanHalcyon,0,0,0,0,0,9,-1,-1,9,-1,7,-1,-1,-1,-1,-1,-1,-1,-1,-1,-1,-1,9,-1,-1,-1,-1,-1,-1,-1,-1,-1,-1,-1,10,-1,-1
six_ssp,0,0,0,0,0,0,4,6,3,-1,8,10,6,-1,-1,-1,-1,-1,11,-1,-1,5,-1,-1,-1,-1,-1,-1,-1,-1,-1,-1,-1,-1,-1,-1,-1
JerrySyr,0,0,0,0,0,0,0,1,1,1,1,2,1,4,1-1001,-1,1,2-1001,1,-1,-1,-1,2,1,2,-1,-1,-1,-1,-1,-1,-1,-1,-1,-1,-1,-1
tingshuo2917,0,0,0,0,0,0,0,11,10,5,-1,-1,-1,-1,-1,-1,-1,-1,-1,-1,-1,-1,-1,-1,-1,-1,-1,-1,-1,-1,-1,-1,-1,-1,-1,-1,-1
zwu2022015167,0,0,0,0,0,0,0,0,0,0,0,14,-1,-1,5-OMG，also a PIG,-1,4-back to shame!,4-back to shame!,-1,-1,-1,-1,-1,-1,-1,-1,-1,-1,-1,-1,-1,-1,-1,-1,-1,-1,-1,-1
zwu2022015093,0,0,0,0,0,0,0,0,0,0,0,26,-1,-1,5-OMG，also a PIG,-1,4-back to shame!,-1,-1,-1,-1,-1,-1,-1,-1,-1,-1,-1,-1,-1,-1,-1,-1,-1,-1,-1,-1
Nanshenger,0,0,0,0,0,0,0,0,0,0,0,0,0,14,-1,-1,-1,-1,-1,-1,-1,-1,-1,-1,-1,-1,-1,-1,-1,-1,-1,-1,-1,-1,-1,-1,-1
vivid_stareium,0,0,0,0,0,0,0,0,0,0,0,0,0,0,3-Bloom Into You,1-Bloom Into You,3-Bloom Into You,1-Bloom Into You,-1,-1,-1,-1,-1,-1,-1,-1,-1,-1,-1,-1,-1,-1,-1,-1,-1,-1,-1
MoScenix,0,0,0,0,0,0,0,0,0,0,0,0,0,0,1-1001,-1,-1,2-1001,-1,-1,-1,-1,1,-1,-1,1,1,1,-1,-1,-1,-1,-1,-1,-1,-1,-1
Wesjitc,0,0,0,0,0,0,0,0,0,0,0,0,0,0,0,0,0,0,0,6-hard copper,-1,-1,-1,-1,-1,-1,-1,-1,-1,-1,-1,-1,-1,-1,-1,-1,-1,-1,-1,-1
Misaki_Foracy_,0,0,0,0,0,0,0,0,0,0,0,0,0,0,0,0,0,0,0,0,0,14,-1,-1,-1,-1,-1,-1,-1,-1,-1,-1,-1,-1,-1,-1,-1,-1,-1,-1
yinruiyang,0,0,0,0,0,0,0,0,0,0,0,0,0,0,0,0,0,0,0,0,0,0,4,-1,-1,5,-1,-1,-1,-1,-1,-1,-1,-1,-1,-1,-1
12445521,0,0,0,0,0,0,0,0,0,0,0,0,0,0,0,0,0,0,0,0,0,0,0,12,-1,-1,-1,-1,24,-1,-1,-1,-1,-1,9,8,18
ShakyYukana,0,0,0,0,0,0,0,0,0,0,0,0,0,0,0,0,0,0,0,0,0,0,0,0,0,0,13,-1,-1,-1,-1,10,13,-1,-1,-1,-1,-1,-1,16
zwuking2025,0,0,0,0,0,0,0,0,0,0,0,0,0,0,0,0,0,0,0,0,0,0,0,14,6,9,-1,-1,11,19,-1,22,9-king,3-king,5-king,4-king,15-king
herlin,0,0,0,0,0,0,0,0,0,0,0,0,0,0,0,0,0,0,0,0,0,0,0,15,-1,-1,-1,-1,-1,-1,-1,-1,-1,-1,-1,-1,-1
Starbase,0,0,0,0,0,0,0,0,0,0,0,0,0,0,0,0,0,0,0,0,0,0,0,16,-1,-1,-1,-1,28,22,17,24,14,7,-1,-1,21
jaston,0,0,0,0,0,0,0,0,0,0,0,0,0,0,0,0,0,0,0,0,0,0,0,17,-1,-1,-1,-1,26,24,-1,8,9-king,3-king,-1,4-king,13
hanhanyahyc,0,0,0,0,0,0,0,0,0,0,0,0,0,0,0,0,0,0,0,0,0,0,0,0,9,-1,-1,-1,-1,-1,-1,-1,-1,-1,-1,-1,-1
Yy.bianchengxiaobaiban,0,0,0,0,0,0,0,0,0,0,0,0,0,0,0,0,0,0,0,0,0,0,0,0,10,-1,-1,-1,22,16,16,16,-1,-1,-1,-1,-1
zwu2025012990,0,0,0,0,0,0,0,0,0,0,0,0,0,0,0,0,0,0,0,0,0,0,0,0,0,4,-1,-1,-1,-1,-1,-1,-1,-1,-1,-1,-1
Lfurry,0,0,0,0,0,0,0,0,0,0,0,0,0,0,0,0,0,0,0,0,0,0,0,0,0,0,0,5,31,20,-1,23,9-king,3-king,5-king,4-king,-1
MarchSeven,0,0,0,0,0,0,0,0,0,0,0,0,0,0,0,0,0,0,0,0,0,0,0,0,0,0,0,0,7,-1,5,-1,-1,-1,-1,-1,-1
kakaka88,0,0,0,0,0,0,0,0,0,0,0,0,0,0,0,0,0,0,0,0,0,0,0,0,0,0,0,0,8,10,11,11,-1,-1,-1,-1,-1
yeeah,0,0,0,0,0,0,0,0,0,0,0,0,0,0,0,0,0,0,0,0,0,0,0,0,0,0,0,0,13,11,-1,-1,-1,-1,-1,-1,23
TUMIHUASHILIAO,0,0,0,0,0,0,0,0,0,0,0,0,0,0,0,0,0,0,0,0,0,0,0,0,0,0,0,0,14,8,-1,9,12,-1,-1,-1,17
zwu2025014465,0,0,0,0,0,0,0,0,0,0,0,0,0,0,0,0,0,0,0,0,0,0,0,0,0,0,0,0,18,17,14,21,-1,-1,-1,-1,11
zwu2025014472,0,0,0,0,0,0,0,0,0,0,0,0,0,0,0,0,0,0,0,0,0,0,0,0,0,0,0,0,20,23,19,19,15,-1,-1,-1,19
Cnc05_Yyy,0,0,0,0,0,0,0,0,0,0,0,0,0,0,0,0,0,0,0,0,0,0,0,0,0,0,0,0,21,18,-1,-1,-1,-1,-1,-1,22
Damn-guy,0,0,0,0,0,0,0,0,0,0,0,0,0,0,0,0,0,0,0,0,0,0,0,0,0,0,0,0,22,-1,-1,-1,-1,-1,-1,-1,14
twodollar,0,0,0,0,0,0,0,0,0,0,0,0,0,0,0,0,0,0,0,0,0,0,0,0,0,0,0,0,25,27,18,18,-1,-1,-1,-1,20
OneHots,0,0,0,0,0,0,0,0,0,0,0,0,0,0,0,0,0,0,0,0,0,0,0,0,0,0,0,0,27,15,-1,-1,-1,-1,-1,-1,-1
echoer,0,0,0,0,0,0,0,0,0,0,0,0,0,0,0,0,0,0,0,0,0,0,0,0,0,0,0,0,29,25,20,20,-1,-1,-1,-1,-1
zwu2025014118,0,0,0,0,0,0,0,0,0,0,0,0,0,0,0,0,0,0,0,0,0,0,0,0,0,0,0,0,30,-1,-1,-1,-1,-1,-1,-1,-1
zwu2025014476,0,0,0,0,0,0,0,0,0,0,0,0,0,0,0,0,0,0,0,0,0,0,0,0,0,0,0,0,32,26,13,-1,-1,-1,-1,-1,24
kadekk,0,0,0,0,0,0,0,0,0,0,0,0,0,0,0,0,0,0,0,0,0,0,0,0,0,0,0,0,0,0,15,10,-1,-1,-1,-1,10
waliniumo,0,0,0,0,0,0,0,0,0,0,0,0,0,0,0,0,0,0,0,0,0,0,0,0,0,0,0,0,0,0,0,0,5,-1,-1,-1,-1
wanli_,0,0,0,0,0,0,0,0,0,0,0,0,0,0,0,0,0,0,0,0,0,0,0,0,0,0,0,0,0,0,0,0,0,0,2,-1,-1
